speciesID,commonName,scientificName,region,timeFrame,startYear,endYear,annualTrend,lowerLimit,upperLimit,overallReliability,nRoutes,geoCoverage,localDataWeight,precision,probDecrease,probIncrease,percentChange,percentChangeLLimit,percentChangeULimit,probGT50Decrease,prob25to50Decrease,prob0to25Decrease,prob0to33Increase,prob33to100Increase,probGT100Increase,excludedStrata,includedStrata
ALFL,Alder Flycatcher,Empidonax alnorum,Northern Rockies (BCR 10),Long-term,1978,2022,1.01,0.22,1.82,Medium,63,0.327,1,1.6,0.00675,0.993,55.3,7.32,116,0,0,0.00675,0.188,0.715,0.09,,Alberta (Northern Rockies (BCR 10)) - British Columbia (Northern Rockies (BCR 10))
AMBI,American Bittern,Botaurus lentiginosus,Northern Rockies (BCR 10),Long-term,1970,2022,-3.92,-5.96,-2.15,Medium,23,0.448,1,3.8,1,0,-87.5,-96.7,-70,0.997,0.003,0,0,0,0,,Alberta (Northern Rockies (BCR 10)) - British Columbia (Northern Rockies (BCR 10))
AMCO,American Coot,Fulica americana,Northern Rockies (BCR 10),Long-term,1970,2022,-1.81,-3.61,-0.0844,Low,19,0.218,1,3.52,0.975,0.0248,-61.3,-89.1,-13.2,0.704,0.212,0.0589999999999999,0.0188,0.00525,0.00075,,Alberta (Northern Rockies (BCR 10)) - British Columbia (Northern Rockies (BCR 10))
AMCR,American Crow,Corvus brachyrhynchos,Northern Rockies (BCR 10),Long-term,1970,2022,-0.405,-0.889,0.0477,High,74,0.52,1,0.936,0.956,0.0435,-19,-38.8,0.767,0,0.263,0.693,0.0435,0,0,,Alberta (Northern Rockies (BCR 10)) - British Columbia (Northern Rockies (BCR 10))
AMDI,American Dipper,Cinclus mexicanus,Northern Rockies (BCR 10),Long-term,1970,2022,-0.63,-1.6,0.256,Low,17,0.141,1,1.86,0.927,0.073,-28,-60.4,8.86,0.0715,0.5055,0.35,0.06525,0.00749999999999999,0.00025,,Alberta (Northern Rockies (BCR 10)) - British Columbia (Northern Rockies (BCR 10))
AMGO,American Goldfinch,Spinus tristis,Northern Rockies (BCR 10),Long-term,1970,2022,0.673,-0.578,1.88,High,29,0.624,1,2.46,0.143,0.857,41.7,-30.9,156,0.0005,0.02,0.1225,0.277,0.425,0.155,,Alberta (Northern Rockies (BCR 10)) - British Columbia (Northern Rockies (BCR 10))
AMKE,American Kestrel,Falco sparverius,Northern Rockies (BCR 10),Long-term,1970,2022,-2.74,-3.56,-1.88,Medium,59,0.482,1,1.68,1,0,-76.4,-85.6,-64.5,1,0,0,0,0,0,,Alberta (Northern Rockies (BCR 10)) - British Columbia (Northern Rockies (BCR 10))
AMRE,American Redstart,Setophaga ruticilla,Northern Rockies (BCR 10),Long-term,1970,2022,-0.571,-1.31,0.161,Medium,69,0.459,1,1.47,0.943,0.0572,-25.8,-51.9,4.81,0.022,0.497,0.424,0.0552,0.002,0,,Alberta (Northern Rockies (BCR 10)) - British Columbia (Northern Rockies (BCR 10))
AMRO,American Robin,Turdus migratorius,Northern Rockies (BCR 10),Long-term,1970,2022,0.17,-0.141,0.468,Medium,84,0.456,1,0.609,0.132,0.868,9.21,-7.58,27,0,0,0.132,0.861,0.00700000000000001,0,,Alberta (Northern Rockies (BCR 10)) - British Columbia (Northern Rockies (BCR 10))
ATTW,American Three-toed Woodpecker,Picoides dorsalis,Northern Rockies (BCR 10),Long-term,1970,2022,2.37,0.786,3.98,Medium,37,0.308,1,3.19,0.001,0.999,237,17,588,0,0,0.001,0.00900000000000001,0.09,0.9,,Alberta (Northern Rockies (BCR 10)) - British Columbia (Northern Rockies (BCR 10))
AMWI,American Wigeon,Anas americana,Northern Rockies (BCR 10),Long-term,1970,2022,0.767,-0.98,2.47,Medium,21,0.297,1,3.45,0.195,0.805,48.8,-58.9,215,0.0085,0.0525,0.134,0.207,0.353,0.245,,Alberta (Northern Rockies (BCR 10)) - British Columbia (Northern Rockies (BCR 10))
BAEA,Bald Eagle,Haliaeetus leucocephalus,Northern Rockies (BCR 10),Long-term,1970,2022,5.02,3.66,6.32,Medium,46,0.37,0.977,2.66,0,1,1180,476,2190,0,0,0,0,0,1,,Alberta (Northern Rockies (BCR 10)) - British Columbia (Northern Rockies (BCR 10))
BAOR,Baltimore Oriole,Icterus galbula,Northern Rockies (BCR 10),Long-term,1970,2022,-0.583,-3.13,2.05,Medium,5,0.411,1,5.18,0.664,0.336,-26.2,-91.1,137,0.28,0.228,0.156,0.132,0.1282,0.0758,,Alberta (Northern Rockies (BCR 10))
BANS,Bank Swallow,Riparia riparia,Northern Rockies (BCR 10),Long-term,1970,2022,-5.46,-7.5,-3.64,Medium,35,0.47,1,3.86,1,0,-94.6,-98.9,-86.9,1,0,0,0,0,0,,Alberta (Northern Rockies (BCR 10)) - British Columbia (Northern Rockies (BCR 10))
BARS,Barn Swallow,Hirundo rustica,Northern Rockies (BCR 10),Long-term,1970,2022,-3.26,-3.93,-2.5,High,67,0.548,1,1.43,1,0,-82.2,-88.2,-74.4,1,0,0,0,0,0,,Alberta (Northern Rockies (BCR 10)) - British Columbia (Northern Rockies (BCR 10))
BADO,Barred Owl,Strix varia,Northern Rockies (BCR 10),Long-term,1970,2022,3.45,1.03,5.82,Medium,17,,1,4.79,0.0025,0.998,485,-0.849,1540,0,0.0005,0.002,0.00800000000000001,0.03,0.96,,British Columbia (Northern Rockies (BCR 10))
BAGO,Barrow's Goldeneye,Bucephala islandica,Northern Rockies (BCR 10),Long-term,1970,2022,-1.85,-3.17,-0.631,Medium,36,0.455,1,2.54,0.999,0.001,-62.2,-84.7,-33.4,0.813,0.17,0.016,0.00075,0.00025,0,,Alberta (Northern Rockies (BCR 10)) - British Columbia (Northern Rockies (BCR 10))
BEKI,Belted Kingfisher,Megaceryle alcyon,Northern Rockies (BCR 10),Long-term,1970,2022,-1.14,-1.88,-0.415,Medium,55,0.456,1,1.47,0.998,0.00175,-44.9,-64.3,-22.1,0.309,0.635,0.054,0.00175,0,0,,Alberta (Northern Rockies (BCR 10)) - British Columbia (Northern Rockies (BCR 10))
BLSW,Black Swift,Cypseloides niger,Northern Rockies (BCR 10),Long-term,1970,2022,-3.13,-5.35,-0.476,Medium,19,0.272,1,4.87,0.977,0.023,-80.8,-96.5,-29.1,0.901,0.0559999999999999,0.02,0.012,0.008,0.003,,British Columbia (Northern Rockies (BCR 10))
BLTE,Black Tern,Chlidonias niger,Northern Rockies (BCR 10),Long-term,1970,2022,-5.8,-8.5,-3,Medium,13,0.316,1,5.51,1,0.0005,-95.5,-99.7,-84.2,0.999,0.001,0,0.00025,0.00025,0,,British Columbia (Northern Rockies (BCR 10))
BBWO,Black-backed Woodpecker,Picoides arcticus,Northern Rockies (BCR 10),Long-term,1970,2022,0.879,-1.24,3.08,Medium,21,0.269,0.982,4.32,0.228,0.772,57.7,-66,319,0.0228,0.0782,0.127,0.16,0.278,0.334,,Alberta (Northern Rockies (BCR 10)) - British Columbia (Northern Rockies (BCR 10))
BBMA,Black-billed Magpie,Pica hudsonia,Northern Rockies (BCR 10),Long-term,1970,2022,-1.06,-2.19,0.0402,Medium,33,0.331,1,2.23,0.971,0.029,-42.6,-70,-2.82,0.321,0.497,0.153,0.0275,0.0015,0,,Alberta (Northern Rockies (BCR 10)) - British Columbia (Northern Rockies (BCR 10))
BCCH,Black-capped Chickadee,Poecile atricapillus,Northern Rockies (BCR 10),Long-term,1970,2022,-0.917,-1.46,-0.358,Medium,78,0.471,1,1.1,1,0.00025,-38.1,-54.1,-18,0.0792,0.8168,0.104,0.00025,0,0,,Alberta (Northern Rockies (BCR 10)) - British Columbia (Northern Rockies (BCR 10))
BCHU,Black-chinned Hummingbird,Archilochus alexandri,Northern Rockies (BCR 10),Long-term,1970,2022,2.26,-0.201,4.56,Medium,6,0.52,1,4.76,0.03,0.97,220,-52,780,0.0015,0.009,0.0195,0.0469999999999999,0.144,0.779,,British Columbia (Northern Rockies (BCR 10))
BHGR,Black-headed Grosbeak,Pheucticus melanocephalus,Northern Rockies (BCR 10),Long-term,1970,2022,3.86,2.65,5.06,High,22,0.627,1,2.42,0,1,615,255,1150,0,0,0,0,0,1,,Alberta (Northern Rockies (BCR 10)) - British Columbia (Northern Rockies (BCR 10))
BLPW,Blackpoll Warbler,Setophaga striata,Northern Rockies (BCR 10),Long-term,1970,2022,-2.05,-4.13,0.133,Medium,24,0.433,1,4.26,0.966,0.0345,-66,-92.9,-9.67,0.748,0.166,0.0519999999999999,0.025,0.00725,0.00225,,Alberta (Northern Rockies (BCR 10)) - British Columbia (Northern Rockies (BCR 10))
BLGS,Blue Grouse (Dusky/Sooty),Dendragapus sp,Northern Rockies (BCR 10),Long-term,1970,2022,-1.13,-2.89,0.412,High,16,1,1,3.31,0.917,0.0828,-44.7,-81.4,14.7,0.403,0.361,0.153,0.0603,0.02025,0.00225,,British Columbia (Northern Rockies (BCR 10))
BLJA,Blue Jay,Cyanocitta cristata,Northern Rockies (BCR 10),Long-term,1970,2022,3.26,0.819,5.74,Medium,8,0.54,1,4.92,0.005,0.995,431,-3.22,1460,0.0005,0.00175,0.00275,0.00700000000000001,0.048,0.94,,Alberta (Northern Rockies (BCR 10))
BHVI,Blue-headed Vireo,Vireo solitarius,Northern Rockies (BCR 10),Long-term,1970,2022,2.21,-1.65,6.21,Low,6,0.34,0.642,7.87,0.13,0.87,212,-92.9,1650,0.0348,0.0447,0.0505,0.0649999999999999,0.131,0.674,,Alberta (Northern Rockies (BCR 10))
BWTE,Blue-winged Teal,Anas discors,Northern Rockies (BCR 10),Long-term,1970,2022,-2.86,-4.55,-1.25,Medium,28,0.353,1,3.29,1,0.00025,-77.9,-93.3,-53.6,0.968,0.03,0.002,0.00025,0,0,,Alberta (Northern Rockies (BCR 10)) - British Columbia (Northern Rockies (BCR 10))
BOBO,Bobolink,Dolichonyx oryzivorus,Northern Rockies (BCR 10),Long-term,1970,2022,-1.41,-3.46,0.645,Medium,8,0.306,1,4.1,0.901,0.0988,-52.2,-90.1,22,0.535,0.258,0.108,0.0656,0.0267,0.0065,,British Columbia (Northern Rockies (BCR 10))
BOWA,Bohemian Waxwing,Bombycilla garrulus,Northern Rockies (BCR 10),Long-term,1970,2022,-4.87,-7.81,-1.91,Low,13,0.146,0.961,5.89,1,0.00025,-92.5,-99.6,-72.1,0.995,0.004,0.001,0.00025,0,0,,Alberta (Northern Rockies (BCR 10)) - British Columbia (Northern Rockies (BCR 10))
BOGU,Bonaparte's Gull,Chroicocephalus philadelphia,Northern Rockies (BCR 10),Long-term,1970,2022,1.73,-1.99,5.68,Low,9,0.24,1,7.67,0.183,0.817,144,-95.4,1180,0.0548,0.0632,0.065,0.083,0.154,0.58,,British Columbia (Northern Rockies (BCR 10))
BOCH,Boreal Chickadee,Poecile hudsonicus,Northern Rockies (BCR 10),Long-term,1970,2022,-0.155,-1.58,1.22,Medium,35,0.37,1,2.81,0.587,0.413,-7.75,-63.2,73.6,0.0542,0.2458,0.287,0.252,0.1437,0.0173,,Alberta (Northern Rockies (BCR 10)) - British Columbia (Northern Rockies (BCR 10))
BRBL,Brewer's Blackbird,Euphagus cyanocephalus,Northern Rockies (BCR 10),Long-term,1970,2022,-1.92,-2.66,-1.07,Medium,51,0.478,1,1.6,1,0,-63.5,-77.4,-46.3,0.923,0.076,0.001,0,0,0,,Alberta (Northern Rockies (BCR 10)) - British Columbia (Northern Rockies (BCR 10))
BRSP,Brewer's Sparrow,Spizella breweri,Northern Rockies (BCR 10),Long-term,1970,2022,-0.403,-4.34,3.8,Low,5,,1,8.15,0.579,0.421,-18.9,-97.5,390,0.327,0.144,0.108,0.105,0.121,0.195,,British Columbia (Northern Rockies (BCR 10))
BRCR,Brown Creeper,Certhia americana,Northern Rockies (BCR 10),Long-term,1970,2022,-0.665,-2.32,0.862,Medium,41,0.336,1,3.18,0.794,0.206,-29.3,-78.6,42,0.213,0.342,0.239,0.137,0.0625,0.0065,,Alberta (Northern Rockies (BCR 10)) - British Columbia (Northern Rockies (BCR 10))
BHCO,Brown-headed Cowbird,Molothrus ater,Northern Rockies (BCR 10),Long-term,1970,2022,-1.32,-1.88,-0.724,High,69,0.53,1,1.16,1,0,-49.8,-65.2,-34.2,0.491,0.503,0.00600000000000001,0,0,0,,Alberta (Northern Rockies (BCR 10)) - British Columbia (Northern Rockies (BCR 10))
BUFF,Bufflehead,Bucephala albeola,Northern Rockies (BCR 10),Long-term,1970,2022,1.69,0.157,3.31,Medium,30,0.416,1,3.15,0.0177,0.982,139,-12.8,387,0.00025,0.00275,0.0147,0.0579999999999999,0.262,0.662,,Alberta (Northern Rockies (BCR 10)) - British Columbia (Northern Rockies (BCR 10))
BUOR,Bullock's Oriole,Icterus bullockii,Northern Rockies (BCR 10),Long-term,1970,2022,4.12,2.31,5.81,High,15,0.501,1,3.51,0,1,716,163,1620,0,0,0,0,0,1,,British Columbia (Northern Rockies (BCR 10))
CAHU,Calliope Hummingbird,Selasphorus calliope,Northern Rockies (BCR 10),Long-term,1970,2022,1.02,-0.357,2.37,Medium,32,0.488,1,2.73,0.0782,0.922,69.1,-27.7,213,0.00025,0.01395,0.064,0.175,0.425,0.322,,Alberta (Northern Rockies (BCR 10)) - British Columbia (Northern Rockies (BCR 10))
CANG,Canada Goose,Branta canadensis,Northern Rockies (BCR 10),Long-term,1970,2022,4.88,3.34,6.74,High,64,0.64,1,3.4,0,1,1090,339,2390,0,0,0,0,0,1,,Alberta (Northern Rockies (BCR 10)) - British Columbia (Northern Rockies (BCR 10))
GRAJ,Canada Jay,Perisoreus canadensis,Northern Rockies (BCR 10),Long-term,1970,2022,-0.93,-1.57,-0.3,Medium,70,0.388,1,1.27,0.998,0.002,-38.5,-56.6,-15.3,0.108,0.764,0.126,0.002,0,0,,Alberta (Northern Rockies (BCR 10)) - British Columbia (Northern Rockies (BCR 10))
CANV,Canvasback,Aythya valisineria,Northern Rockies (BCR 10),Long-term,1970,2022,-3.27,-8.21,1.54,Low,5,0.03,1,9.76,0.926,0.0745,-82.2,-100,30.9,0.803,0.082,0.041,0.026,0.0277,0.0208,,British Columbia (Northern Rockies (BCR 10))
CAFI,Cassin's Finch,Haemorhous cassinii,Northern Rockies (BCR 10),Long-term,1970,2022,-1.17,-2.89,0.556,Medium,23,0.39,0.977,3.44,0.91,0.0902,-45.7,-84.5,16.4,0.427,0.331,0.152,0.0664,0.0223,0.0015,,Alberta (Northern Rockies (BCR 10)) - British Columbia (Northern Rockies (BCR 10))
CAVI,Cassin's Vireo,Vireo cassinii,Northern Rockies (BCR 10),Long-term,1970,2022,0.933,0.231,1.7,High,73,0.681,1,1.47,0.00525,0.995,62.1,6.51,130,0,0,0.00525,0.148,0.703,0.144,,Alberta (Northern Rockies (BCR 10)) - British Columbia (Northern Rockies (BCR 10))
CEDW,Cedar Waxwing,Bombycilla cedrorum,Northern Rockies (BCR 10),Long-term,1970,2022,1.33,0.423,2.21,Medium,75,0.487,1,1.78,0.002,0.998,98.9,18,201,0,0,0.002,0.041,0.467,0.49,,Alberta (Northern Rockies (BCR 10)) - British Columbia (Northern Rockies (BCR 10))
CBCH,Chestnut-backed Chickadee,Poecile rufescens,Northern Rockies (BCR 10),Long-term,1970,2022,1.15,-0.706,2.85,Medium,20,0.315,1,3.56,0.0992,0.901,81,-46.1,293,0.00225,0.02795,0.069,0.15,0.339,0.412,,British Columbia (Northern Rockies (BCR 10))
CHSP,Chipping Sparrow,Spizella passerina,Northern Rockies (BCR 10),Long-term,1970,2022,-1.19,-1.71,-0.733,Medium,83,0.465,1,0.979,1,0,-46.4,-59.3,-31.8,0.304,0.689,0.00700000000000001,0,0,0,,Alberta (Northern Rockies (BCR 10)) - British Columbia (Northern Rockies (BCR 10))
CITE,Cinnamon Teal,Anas cyanoptera,Northern Rockies (BCR 10),Long-term,1970,2022,-1.1,-3.36,1.21,Medium,10,0.339,1,4.57,0.816,0.184,-43.6,-89.9,62,0.424,0.252,0.14,0.095,0.0668,0.0222,,British Columbia (Northern Rockies (BCR 10))
CLNU,Clark's Nutcracker,Nucifraga columbiana,Northern Rockies (BCR 10),Long-term,1970,2022,0.245,-0.513,1.33,Medium,30,0.381,1,1.85,0.272,0.728,13.5,-31.5,84.2,0.00025,0.02575,0.246,0.469,0.2385,0.0205,,Alberta (Northern Rockies (BCR 10)) - British Columbia (Northern Rockies (BCR 10))
CCSP,Clay-colored Sparrow,Spizella pallida,Northern Rockies (BCR 10),Long-term,1970,2022,0.637,-0.43,1.78,High,55,0.504,1,2.21,0.127,0.873,39.1,-32.8,130,0.00025,0.01925,0.1075,0.305,0.459,0.109,,Alberta (Northern Rockies (BCR 10)) - British Columbia (Northern Rockies (BCR 10))
CLSW,Cliff Swallow,Petrochelidon pyrrhonota,Northern Rockies (BCR 10),Long-term,1970,2022,-4,-5.22,-2.54,High,53,0.503,1,2.68,1,0,-88,-95.1,-77.4,1,0,0,0,0,0,,Alberta (Northern Rockies (BCR 10)) - British Columbia (Northern Rockies (BCR 10))
COGO,Common Goldeneye,Bucephala clangula,Northern Rockies (BCR 10),Long-term,1970,2022,-0.994,-2.88,0.545,Low,22,0.133,1,3.43,0.883,0.117,-40.5,-84.6,20.9,0.358,0.334,0.191,0.094,0.0215,0.0015,,Alberta (Northern Rockies (BCR 10)) - British Columbia (Northern Rockies (BCR 10))
COGR,Common Grackle,Quiscalus quiscula,Northern Rockies (BCR 10),Long-term,1970,2022,-1.58,-4.95,2.01,Low,3,,1,6.97,0.818,0.182,-56.3,-98.8,107,0.556,0.166,0.096,0.07,0.0572,0.0548,,Alberta (Northern Rockies (BCR 10))
COLO,Common Loon,Gavia immer,Northern Rockies (BCR 10),Long-term,1970,2022,0.249,-0.394,0.961,High,62,0.668,1,1.36,0.244,0.756,13.8,-23.8,57.7,0,0.01,0.234,0.562,0.193,0.001,,Alberta (Northern Rockies (BCR 10)) - British Columbia (Northern Rockies (BCR 10))
COME,Common Merganser,Mergus merganser,Northern Rockies (BCR 10),Long-term,1970,2022,-0.48,-1.79,0.817,Medium,44,0.484,1,2.6,0.758,0.242,-22.1,-67.6,42.6,0.106,0.348,0.304,0.176,0.06275,0.00325,,Alberta (Northern Rockies (BCR 10)) - British Columbia (Northern Rockies (BCR 10))
CONI,Common Nighthawk,Chordeiles minor,Northern Rockies (BCR 10),Long-term,1970,2022,-1.7,-2.8,-0.659,Medium,52,0.409,1,2.14,0.999,0.000667,-59.1,-80.4,-34.2,0.76,0.221,0.018,0.000667,0,0,,Alberta (Northern Rockies (BCR 10)) - British Columbia (Northern Rockies (BCR 10))
CORA,Common Raven,Corvus corax,Northern Rockies (BCR 10),Long-term,1970,2022,2.17,1.5,2.89,Medium,81,0.474,1,1.39,0,1,205,103,317,0,0,0,0,0.01,0.99,,Alberta (Northern Rockies (BCR 10)) - British Columbia (Northern Rockies (BCR 10))
COYE,Common Yellowthroat,Geothlypis trichas,Northern Rockies (BCR 10),Long-term,1970,2022,1.53,0.938,2.11,Medium,77,0.45,1,1.17,0,1,120,57.1,190,0,0,0,0,0.27,0.73,,Alberta (Northern Rockies (BCR 10)) - British Columbia (Northern Rockies (BCR 10))
COHA,Cooper's Hawk,Accipiter cooperii,Northern Rockies (BCR 10),Long-term,1970,2022,-0.0599,-1.57,1.5,Medium,20,0.4,1,3.06,0.531,0.469,-3.07,-65.4,93.3,0.06,0.215,0.256,0.248,0.1838,0.0372,,Alberta (Northern Rockies (BCR 10)) - British Columbia (Northern Rockies (BCR 10))
DEJU,Dark-eyed Junco,Junco hyemalis,Northern Rockies (BCR 10),Long-term,1970,2022,-0.893,-1.37,-0.4,Low,84,0.21,1,0.966,1,0.00025,-37.3,-52.2,-20.4,0.0398,0.8732,0.087,0.00025,0,0,,Alberta (Northern Rockies (BCR 10)) - British Columbia (Northern Rockies (BCR 10))
DOWO,Downy Woodpecker,Picoides pubescens,Northern Rockies (BCR 10),Long-term,1970,2022,-0.709,-1.53,0.0935,Medium,47,0.427,1,1.63,0.957,0.0432,-30.9,-57.7,0.739,0.0718,0.5762,0.309,0.04095,0.00225,0,,Alberta (Northern Rockies (BCR 10)) - British Columbia (Northern Rockies (BCR 10))
DUFL,Dusky Flycatcher,Empidonax oberholseri,Northern Rockies (BCR 10),Long-term,1970,2022,-0.323,-1.2,0.502,High,77,0.519,1,1.7,0.763,0.237,-15.5,-49.3,25.7,0.00875,0.30225,0.452,0.2135,0.0235,0,,Alberta (Northern Rockies (BCR 10)) - British Columbia (Northern Rockies (BCR 10))
EAGR,Eared Grebe,Podiceps nigricollis,Northern Rockies (BCR 10),Long-term,1970,2022,1.14,-2.08,5,Low,11,0.303,1,7.08,0.256,0.744,80.6,-93.7,717,0.077,0.087,0.092,0.112,0.184,0.448,,British Columbia (Northern Rockies (BCR 10))
EAKI,Eastern Kingbird,Tyrannus tyrannus,Northern Rockies (BCR 10),Long-term,1970,2022,0.385,-0.458,1.15,Medium,36,0.343,1,1.61,0.179,0.821,22.1,-22.8,79.1,0,0.012,0.167,0.476,0.3375,0.0075,,Alberta (Northern Rockies (BCR 10)) - British Columbia (Northern Rockies (BCR 10))
EAPH,Eastern Phoebe,Sayornis phoebe,Northern Rockies (BCR 10),Long-term,1970,2022,-4.3,-6.8,-1.6,Medium,5,0.448,1,5.2,1,0.0005,-89.8,-98.8,-66.1,0.986,0.01,0.004,0.0005,0,0,,Alberta (Northern Rockies (BCR 10))
EUCD,Eurasian Collared-Dove,Streptopelia decaocto,Northern Rockies (BCR 10),Long-term,1990,2022,107,84.7,131,Low,21,1,0.333,46.2,0,1,1270000000000,1750000000,27800000000000,0,0,0,0,0,1,,British Columbia (Northern Rockies (BCR 10))
EUST,European Starling,Sturnus vulgaris,Northern Rockies (BCR 10),Long-term,1970,2022,-3.87,-4.55,-3.15,Medium,51,0.469,1,1.39,1,0,-87.2,-91.9,-82,1,0,0,0,0,0,,Alberta (Northern Rockies (BCR 10)) - British Columbia (Northern Rockies (BCR 10))
EVGR,Evening Grosbeak,Coccothraustes vespertinus,Northern Rockies (BCR 10),Long-term,1970,2022,-0.0631,-1.99,1.87,Medium,52,1,0.983,3.85,0.523,0.477,-3.23,-79.5,124,0.099,0.216,0.208,0.208,0.1928,0.0762,,Alberta (Northern Rockies (BCR 10)) - British Columbia (Northern Rockies (BCR 10))
FOSP,Fox Sparrow,Passerella iliaca,Northern Rockies (BCR 10),Long-term,1970,2022,0.159,-1.66,1.84,Medium,37,0.327,1,3.5,0.434,0.566,8.6,-62.9,142,0.045,0.168,0.221,0.238,0.2292,0.0988,,Alberta (Northern Rockies (BCR 10)) - British Columbia (Northern Rockies (BCR 10))
GADW,Gadwall,Anas strepera,Northern Rockies (BCR 10),Long-term,1970,2022,5,1.92,8.24,Low,8,0.19,0.681,6.32,0.001,0.999,1160,34.2,4810,0.0005,0.00025,0.00025,0.001,0.00900000000000001,0.989,,Alberta (Northern Rockies (BCR 10)) - British Columbia (Northern Rockies (BCR 10))
GOEA,Golden Eagle,Aquila chrysaetos,Northern Rockies (BCR 10),Long-term,1970,2022,0.0643,-0.878,0.979,Medium,14,0.412,1,1.86,0.43,0.57,3.4,-40.9,60.7,0.00375,0.07445,0.3518,0.42,0.14025,0.00975,,Alberta (Northern Rockies (BCR 10)) - British Columbia (Northern Rockies (BCR 10))
GCKI,Golden-crowned Kinglet,Regulus satrapa,Northern Rockies (BCR 10),Long-term,1970,2022,-1.26,-2.13,-0.349,Medium,72,0.429,1,1.78,0.998,0.002,-48.4,-70.8,-22.7,0.451,0.496,0.051,0.002,0,0,,Alberta (Northern Rockies (BCR 10)) - British Columbia (Northern Rockies (BCR 10))
GCSP,Golden-crowned Sparrow,Zonotrichia atricapilla,Northern Rockies (BCR 10),Long-term,1970,2022,-0.117,-2.97,3.11,Low,10,0.229,1,6.07,0.529,0.471,-5.92,-90,322,0.182,0.205,0.142,0.124,0.143,0.204,,British Columbia (Northern Rockies (BCR 10))
GRCA,Gray Catbird,Dumetella carolinensis,Northern Rockies (BCR 10),Long-term,1970,2022,1.56,0.793,2.45,Medium,31,0.498,1,1.66,0,1,123,41.7,238,0,0,0,0.00800000000000001,0.291,0.701,,Alberta (Northern Rockies (BCR 10)) - British Columbia (Northern Rockies (BCR 10))
GBHE,Great Blue Heron,Ardea herodias,Northern Rockies (BCR 10),Long-term,1970,2022,0.688,-0.657,2.02,Medium,28,0.322,0.966,2.68,0.167,0.833,42.8,-44.6,156,0.0015,0.035,0.1305,0.26,0.414,0.159,,Alberta (Northern Rockies (BCR 10)) - British Columbia (Northern Rockies (BCR 10))
GGOW,Great Gray Owl,Strix nebulosa,Northern Rockies (BCR 10),Long-term,1970,2022,-0.281,-2.81,1.93,Medium,9,,0.919,4.75,0.598,0.402,-13.6,-87.5,123,0.206,0.199,0.193,0.182,0.1512,0.0688,,Alberta (Northern Rockies (BCR 10)) - British Columbia (Northern Rockies (BCR 10))
GHOW,Great Horned Owl,Bubo virginianus,Northern Rockies (BCR 10),Long-term,1970,2022,-0.749,-2.2,0.711,Low,23,0.225,1,2.91,0.835,0.165,-32.4,-74.8,32.6,0.214,0.397,0.224,0.1218,0.0397,0.0035,,Alberta (Northern Rockies (BCR 10)) - British Columbia (Northern Rockies (BCR 10))
GRYE,Greater Yellowlegs,Tringa melanoleuca,Northern Rockies (BCR 10),Long-term,1970,2022,1.17,-0.247,2.6,Medium,32,0.412,1,2.85,0.0492,0.951,83.3,-23.1,255,0.00025,0.00675,0.0422,0.131,0.412,0.408,,Alberta (Northern Rockies (BCR 10)) - British Columbia (Northern Rockies (BCR 10))
GWTE,Green-winged Teal,Anas crecca,Northern Rockies (BCR 10),Long-term,1970,2022,-0.803,-2.31,0.67,Medium,26,0.399,0.959,2.98,0.857,0.143,-34.2,-76.4,30.4,0.244,0.385,0.228,0.104,0.03675,0.00225,,Alberta (Northern Rockies (BCR 10)) - British Columbia (Northern Rockies (BCR 10))
HAWO,Hairy Woodpecker,Picoides villosus,Northern Rockies (BCR 10),Long-term,1970,2022,1.3,0.548,2.02,Medium,69,0.449,1,1.47,0,1,95.7,24.4,172,0,0,0,0.02,0.518,0.462,,Alberta (Northern Rockies (BCR 10)) - British Columbia (Northern Rockies (BCR 10))
HAFL,Hammond's Flycatcher,Empidonax hammondii,Northern Rockies (BCR 10),Long-term,1970,2022,0.545,-0.336,1.36,Medium,74,0.426,1,1.69,0.107,0.893,32.7,-18.5,97.7,0,0.00425,0.10275,0.397,0.464,0.032,,Alberta (Northern Rockies (BCR 10)) - British Columbia (Northern Rockies (BCR 10))
HADU,Harlequin Duck,Histrionicus histrionicus,Northern Rockies (BCR 10),Long-term,1970,2022,-1.57,-4.65,2.07,Medium,5,0.293,1,6.72,0.805,0.195,-56,-95.4,137,0.55,0.16,0.0950000000000001,0.061,0.0642,0.0698,,Alberta (Northern Rockies (BCR 10))
HETH,Hermit Thrush,Catharus guttatus,Northern Rockies (BCR 10),Long-term,1970,2022,-0.75,-1.46,0.0697,Medium,75,0.422,1,1.53,0.964,0.0355,-32.4,-56.8,-0.729,0.067,0.624,0.273,0.03525,0.00025,0,,Alberta (Northern Rockies (BCR 10)) - British Columbia (Northern Rockies (BCR 10))
HERG,Herring Gull,Larus argentatus,Northern Rockies (BCR 10),Long-term,1970,2022,-3.11,-5.89,-0.226,Medium,12,0.411,1,5.66,0.982,0.0177,-80.6,-98,-31.1,0.892,0.0679999999999999,0.022,0.01145,0.00525,0.001,,British Columbia (Northern Rockies (BCR 10))
HOME,Hooded Merganser,Lophodytes cucullatus,Northern Rockies (BCR 10),Long-term,1970,2022,2.35,0.394,4.6,Medium,19,0.328,0.963,4.21,0.0135,0.986,235,-22.7,754,0,0.002,0.0115,0.025,0.123,0.838,,Alberta (Northern Rockies (BCR 10)) - British Columbia (Northern Rockies (BCR 10))
HOGR,Horned Grebe,Podiceps auritus,Northern Rockies (BCR 10),Long-term,1970,2022,-3.41,-6.34,-0.857,Low,8,0.178,1,5.48,0.995,0.005,-83.5,-98.7,-46.3,0.938,0.046,0.011,0.0035,0.001,0.0005,,British Columbia (Northern Rockies (BCR 10))
HOLA,Horned Lark,Eremophila alpestris,Northern Rockies (BCR 10),Long-term,1970,2022,-7.86,-13,-2.35,Low,4,,1,10.6,0.998,0.002,-98.6,-100,-82.2,0.991,0.005,0.002,0.00025,0.001,0.00075,,Alberta (Northern Rockies (BCR 10))
HOFI,House Finch,Haemorhous mexicanus,Northern Rockies (BCR 10),Long-term,1970,2022,8.92,5.24,12.9,Low,14,0.502,1,7.69,0,1,8390,359,45000,0,0,0,0,0,1,,British Columbia (Northern Rockies (BCR 10))
HOSP,House Sparrow,Passer domesticus,Northern Rockies (BCR 10),Long-term,1970,2022,-0.718,-2.42,0.674,Low,19,0.239,1,3.1,0.832,0.168,-31.2,-79.9,29,0.218,0.364,0.25,0.127,0.03875,0.00225,,Alberta (Northern Rockies (BCR 10)) - British Columbia (Northern Rockies (BCR 10))
HOWR,House Wren,Troglodytes aedon,Northern Rockies (BCR 10),Long-term,1970,2022,0.0771,-1.27,1.38,Medium,26,0.451,1,2.65,0.454,0.546,4.09,-54.8,91.7,0.0235,0.1585,0.272,0.31,0.2092,0.0268,,Alberta (Northern Rockies (BCR 10)) - British Columbia (Northern Rockies (BCR 10))
KILL,Killdeer,Charadrius vociferus,Northern Rockies (BCR 10),Long-term,1970,2022,-3.2,-3.94,-2.46,High,61,0.593,1,1.48,1,0,-81.6,-88.1,-73.2,1,0,0,0,0,0,,Alberta (Northern Rockies (BCR 10)) - British Columbia (Northern Rockies (BCR 10))
LAZB,Lazuli Bunting,Passerina amoena,Northern Rockies (BCR 10),Long-term,1970,2022,3.14,2.11,4.16,High,40,0.651,1,2.05,0,1,399,185,711,0,0,0,0,0,1,,Alberta (Northern Rockies (BCR 10)) - British Columbia (Northern Rockies (BCR 10))
LEFL,Least Flycatcher,Empidonax minimus,Northern Rockies (BCR 10),Long-term,1970,2022,-0.507,-1.24,0.19,Medium,72,0.469,1,1.43,0.917,0.0828,-23.2,-48,10.1,0.012,0.444,0.461,0.0793,0.0035,0,,Alberta (Northern Rockies (BCR 10)) - British Columbia (Northern Rockies (BCR 10))
LCSP,LeConte's Sparrow,Ammodramus leconteii,Northern Rockies (BCR 10),Long-term,1970,2022,-1.52,-4.61,2,Medium,7,1,0.788,6.61,0.813,0.187,-55,-98.7,93.2,0.549,0.161,0.103,0.074,0.0668,0.0462,,Alberta (Northern Rockies (BCR 10)) - British Columbia (Northern Rockies (BCR 10))
LESC,Lesser Scaup,Aythya affinis,Northern Rockies (BCR 10),Long-term,1970,2022,3.19,1.2,5.26,Medium,30,0.384,1,4.06,0.001,0.999,412,-9.43,1110,0,0,0.001,0.003,0.028,0.968,,Alberta (Northern Rockies (BCR 10)) - British Columbia (Northern Rockies (BCR 10))
LEWO,Lewis's Woodpecker,Melanerpes lewis,Northern Rockies (BCR 10),Long-term,1970,2022,-1.43,-4.24,1.76,Low,4,0.098,1,5.99,0.831,0.169,-52.7,-96.7,71.7,0.529,0.201,0.101,0.0758,0.0607,0.0325,,British Columbia (Northern Rockies (BCR 10))
LISP,Lincoln's Sparrow,Melospiza lincolnii,Northern Rockies (BCR 10),Long-term,1970,2022,3.57,2.64,4.5,Medium,78,0.458,1,1.85,0,1,520,270,848,0,0,0,0,0,1,,Alberta (Northern Rockies (BCR 10)) - British Columbia (Northern Rockies (BCR 10))
LBCU,Long-billed Curlew,Numenius americanus,Northern Rockies (BCR 10),Long-term,1970,2022,3.06,0.914,5.11,Medium,15,0.445,1,4.19,0.0015,0.998,380,11.5,1100,0,0,0.0015,0.004,0.048,0.946,,British Columbia (Northern Rockies (BCR 10))
MGWA,MacGillivray's Warbler,Geothlypis tolmiei,Northern Rockies (BCR 10),Long-term,1970,2022,0.447,-0.118,1.05,Medium,71,0.436,1,1.17,0.0638,0.936,26.1,-8.61,68.3,0,0.001,0.0628,0.566,0.368,0.002,,Alberta (Northern Rockies (BCR 10)) - British Columbia (Northern Rockies (BCR 10))
MAWA,Magnolia Warbler,Setophaga magnolia,Northern Rockies (BCR 10),Long-term,1970,2022,1.83,0.268,3.38,Low,38,0.228,0.965,3.11,0.0102,0.99,157,-5.76,411,0,0.0015,0.0087,0.046,0.218,0.726,,Alberta (Northern Rockies (BCR 10)) - British Columbia (Northern Rockies (BCR 10))
MALL,Mallard,Anas platyrhynchos,Northern Rockies (BCR 10),Long-term,1970,2022,-0.267,-1.23,0.721,High,63,0.605,1,1.96,0.703,0.297,-13,-52.4,36.6,0.0175,0.2565,0.429,0.2452,0.05105,0.00075,,Alberta (Northern Rockies (BCR 10)) - British Columbia (Northern Rockies (BCR 10))
MAWR,Marsh Wren,Cistothorus palustris,Northern Rockies (BCR 10),Long-term,1970,2022,1.8,-0.0541,3.47,Medium,20,0.394,1,3.52,0.0205,0.98,153,-13.6,449,0.0005,0.00325,0.01675,0.0559999999999999,0.234,0.69,,British Columbia (Northern Rockies (BCR 10))
MERL,Merlin,Falco columbarius,Northern Rockies (BCR 10),Long-term,1970,2022,3.11,1.62,4.62,Medium,42,0.404,1,2.99,0,1,393,80.8,862,0,0,0,0,0.01,0.99,,Alberta (Northern Rockies (BCR 10)) - British Columbia (Northern Rockies (BCR 10))
MOBL,Mountain Bluebird,Sialia currucoides,Northern Rockies (BCR 10),Long-term,1970,2022,-0.426,-1.43,0.57,Medium,52,0.368,1,2,0.787,0.213,-19.9,-57.5,28,0.0435,0.3685,0.375,0.184,0.02875,0.00025,,Alberta (Northern Rockies (BCR 10)) - British Columbia (Northern Rockies (BCR 10))
MOCH,Mountain Chickadee,Poecile gambeli,Northern Rockies (BCR 10),Long-term,1970,2022,0.153,-0.71,0.949,Medium,64,0.394,1,1.66,0.352,0.648,8.26,-33.5,60.4,0,0.051,0.301,0.474,0.1715,0.0025,,Alberta (Northern Rockies (BCR 10)) - British Columbia (Northern Rockies (BCR 10))
MODO,Mourning Dove,Zenaida macroura,Northern Rockies (BCR 10),Long-term,1970,2022,-1.13,-2.03,-0.266,High,31,0.534,1,1.76,0.991,0.00925,-44.6,-69.4,-17.6,0.33,0.576,0.085,0.00925,0,0,,Alberta (Northern Rockies (BCR 10)) - British Columbia (Northern Rockies (BCR 10))
NAWA,Nashville Warbler,Oreothlypis ruficapilla,Northern Rockies (BCR 10),Long-term,1970,2022,2.8,1.61,4.05,High,24,0.63,1,2.44,0,1,321,105,639,0,0,0,0,0.01,0.99,,British Columbia (Northern Rockies (BCR 10))
NOFL,Northern Flicker,Colaptes auratus,Northern Rockies (BCR 10),Long-term,1970,2022,-0.451,-0.967,-0.00952,High,82,1,1,0.957,0.973,0.0268,-20.9,-39.9,-0.855,0.00025,0.34275,0.63,0.0268,0,0,,Alberta (Northern Rockies (BCR 10)) - British Columbia (Northern Rockies (BCR 10))
NOGO,Northern Goshawk,Accipiter gentilis,Northern Rockies (BCR 10),Long-term,1970,2022,-0.114,-0.828,0.495,Low,21,0.176,0.945,1.32,0.667,0.333,-5.76,-37.1,26.5,0.0035,0.1045,0.559,0.3185,0.0145,0,,Alberta (Northern Rockies (BCR 10)) - British Columbia (Northern Rockies (BCR 10))
NOHA,Northern Harrier,Circus cyaneus,Northern Rockies (BCR 10),Long-term,1970,2022,-1.21,-2.54,0.261,Medium,25,0.284,1,2.8,0.952,0.0475,-46.9,-78.6,1.6,0.434,0.38,0.138,0.03775,0.00875,0.001,,Alberta (Northern Rockies (BCR 10)) - British Columbia (Northern Rockies (BCR 10))
BABU_UNI,Northern Oriole (Bullock's/Baltimore),Icterus sp.,Northern Rockies (BCR 10),Long-term,1970,2022,2.79,1.41,4.37,High,20,1,1,2.95,0,1,319,64.8,719,0,0,0,0.001,0.024,0.975,,Alberta (Northern Rockies (BCR 10)) - British Columbia (Northern Rockies (BCR 10))
NOPI,Northern Pintail,Anas acuta,Northern Rockies (BCR 10),Long-term,1970,2022,-5.26,-7.87,-2.88,Low,11,0.172,0.934,4.99,1,0.00025,-94,-99.4,-81.3,0.999,0.001,0,0.00025,0,0,,Alberta (Northern Rockies (BCR 10)) - British Columbia (Northern Rockies (BCR 10))
NOPO,Northern Pygmy-Owl,Glaucidium gnoma,Northern Rockies (BCR 10),Long-term,1970,2022,0.383,-0.606,1.75,High,20,1,0.954,2.36,0.209,0.791,22,-33.7,136,0.00025,0.02375,0.185,0.393,0.3035,0.0945,,Alberta (Northern Rockies (BCR 10)) - British Columbia (Northern Rockies (BCR 10))
NRWS,Northern Rough-winged Swallow,Stelgidopteryx serripennis,Northern Rockies (BCR 10),Long-term,1970,2022,-0.963,-2.07,0.14,High,53,0.548,1,2.21,0.954,0.0465,-39.5,-70.3,1.51,0.269,0.493,0.192,0.04225,0.00425,0,,Alberta (Northern Rockies (BCR 10)) - British Columbia (Northern Rockies (BCR 10))
NSHO,Northern Shoveler,Anas clypeata,Northern Rockies (BCR 10),Long-term,1970,2022,-0.0953,-2.41,2.28,Low,14,0.249,1,4.69,0.528,0.472,-4.83,-87.1,169,0.144,0.202,0.182,0.169,0.185,0.118,,British Columbia (Northern Rockies (BCR 10))
NOWA,Northern Waterthrush,Parkesia noveboracensis,Northern Rockies (BCR 10),Long-term,1970,2022,1.79,1.16,2.53,Medium,71,0.466,1,1.38,0,1,152,68.7,245,0,0,0,0,0.099,0.901,,Alberta (Northern Rockies (BCR 10)) - British Columbia (Northern Rockies (BCR 10))
OSFL,Olive-sided Flycatcher,Contopus cooperi,Northern Rockies (BCR 10),Long-term,1970,2022,-2.91,-3.62,-2.2,Medium,74,0.443,1,1.42,1,0,-78.5,-86.1,-70,1,0,0,0,0,0,,Alberta (Northern Rockies (BCR 10)) - British Columbia (Northern Rockies (BCR 10))
OCWA,Orange-crowned Warbler,Oreothlypis celata,Northern Rockies (BCR 10),Long-term,1970,2022,0.656,-0.00172,1.34,Medium,80,0.438,1,1.34,0.0282,0.972,40.5,-2.64,95.7,0,0.0005,0.0277,0.356,0.5938,0.0222,,Alberta (Northern Rockies (BCR 10)) - British Columbia (Northern Rockies (BCR 10))
OSPR,Osprey,Pandion haliaetus,Northern Rockies (BCR 10),Long-term,1970,2022,1.42,0.17,2.57,Medium,49,0.396,1,2.4,0.0118,0.988,109,-2.48,256,0,0.000999999999999999,0.0108,0.0649999999999999,0.373,0.55,,Alberta (Northern Rockies (BCR 10)) - British Columbia (Northern Rockies (BCR 10))
OVEN,Ovenbird,Seiurus aurocapilla,Northern Rockies (BCR 10),Long-term,1970,2022,3.27,0.386,5.86,Medium,16,0.296,1,5.48,0.0095,0.99,433,-34.7,1580,0.001,0.0025,0.006,0.018,0.0559999999999999,0.916,,Alberta (Northern Rockies (BCR 10)) - British Columbia (Northern Rockies (BCR 10))
PAWR,Pacific Wren,Troglodytes pacificus,Northern Rockies (BCR 10),Long-term,1970,2022,1.87,0.959,2.74,Medium,57,0.35,1,1.78,0,1,162,59.9,301,0,0,0,0.002,0.132,0.866,,Alberta (Northern Rockies (BCR 10)) - British Columbia (Northern Rockies (BCR 10))
PSFL,Pacific-slope Flycatcher,Empidonax difficilis,Northern Rockies (BCR 10),Long-term,1970,2022,-0.726,-2.25,0.694,High,37,0.536,0.972,2.95,0.838,0.162,-31.5,-73.9,33.1,0.21,0.385,0.243,0.119,0.04,0.003,,Alberta (Northern Rockies (BCR 10)) - British Columbia (Northern Rockies (BCR 10))
PBGR,Pied-billed Grebe,Podilymbus podiceps,Northern Rockies (BCR 10),Long-term,1970,2022,0.22,-1.39,1.85,Medium,27,0.484,1,3.24,0.386,0.614,12.1,-63.8,129,0.03,0.138,0.218,0.264,0.268,0.082,,Alberta (Northern Rockies (BCR 10)) - British Columbia (Northern Rockies (BCR 10))
PIWO,Pileated Woodpecker,Dryocopus pileatus,Northern Rockies (BCR 10),Long-term,1970,2022,2.4,1.57,3.28,Medium,72,0.416,1,1.7,0,1,244,114,419,0,0,0,0,0.00900000000000001,0.991,,Alberta (Northern Rockies (BCR 10)) - British Columbia (Northern Rockies (BCR 10))
PIGR,Pine Grosbeak,Pinicola enucleator,Northern Rockies (BCR 10),Long-term,1970,2022,-2.64,-4.22,-1.04,Medium,34,0.319,1,3.18,1,0.0005,-75.2,-93.1,-49.3,0.948,0.047,0.005,0.0005,0,0,,Alberta (Northern Rockies (BCR 10)) - British Columbia (Northern Rockies (BCR 10))
PISI,Pine Siskin,Spinus pinus,Northern Rockies (BCR 10),Long-term,1970,2022,-1.54,-2.52,-0.506,High,83,0.503,1,2.01,0.999,0.00075,-55.3,-75.6,-27.8,0.668,0.304,0.027,0.00075,0,0,,Alberta (Northern Rockies (BCR 10)) - British Columbia (Northern Rockies (BCR 10))
PUFI,Purple Finch,Haemorhous purpureus,Northern Rockies (BCR 10),Long-term,1970,2022,-1.61,-2.71,-0.605,Medium,47,0.445,1,2.11,0.998,0.002,-56.9,-78,-30.3,0.705,0.271,0.022,0.002,0,0,,Alberta (Northern Rockies (BCR 10)) - British Columbia (Northern Rockies (BCR 10))
RECR,Red Crossbill,Loxia curvirostra,Northern Rockies (BCR 10),Long-term,1970,2022,0.12,-1.4,1.61,Medium,66,0.447,1,3.01,0.438,0.562,6.45,-62.4,110,0.0322,0.1518,0.254,0.272,0.2325,0.0575,,Alberta (Northern Rockies (BCR 10)) - British Columbia (Northern Rockies (BCR 10))
RBNU,Red-breasted Nuthatch,Sitta canadensis,Northern Rockies (BCR 10),Long-term,1970,2022,1.07,0.468,1.72,Medium,82,0.431,1,1.25,0.0005,1,73.5,23.3,137,0,0,0.0005,0.051,0.739,0.21,,Alberta (Northern Rockies (BCR 10)) - British Columbia (Northern Rockies (BCR 10))
RBSA,Red-breasted Sapsucker,Sphyrapicus ruber,Northern Rockies (BCR 10),Long-term,1970,2022,1.14,-0.426,2.74,Medium,23,0.339,1,3.17,0.0748,0.925,80.8,-27.7,287,0.002,0.014,0.0588,0.151,0.368,0.406,,British Columbia (Northern Rockies (BCR 10))
REVI,Red-eyed Vireo,Vireo olivaceus,Northern Rockies (BCR 10),Long-term,1970,2022,-1.44,-2.02,-0.9,High,61,0.579,1,1.12,1,0,-53,-65.7,-38.1,0.653,0.346,0.001,0,0,0,,Alberta (Northern Rockies (BCR 10)) - British Columbia (Northern Rockies (BCR 10))
REDH,Redhead,Aythya americana,Northern Rockies (BCR 10),Long-term,1970,2022,-2.8,-5.86,0.503,Low,7,0.243,1,6.36,0.957,0.043,-77.2,-98.5,-5.73,0.805,0.104,0.0479999999999999,0.0217,0.01505,0.00625,,British Columbia (Northern Rockies (BCR 10))
RNSA,Red-naped Sapsucker,Sphyrapicus nuchalis,Northern Rockies (BCR 10),Long-term,1970,2022,1.28,0.389,2.32,Medium,53,0.476,1,1.94,0.00525,0.995,93.7,5.31,201,0,0,0.00525,0.073,0.472,0.45,,Alberta (Northern Rockies (BCR 10)) - British Columbia (Northern Rockies (BCR 10))
RNGR,Red-necked Grebe,Podiceps grisegena,Northern Rockies (BCR 10),Long-term,1970,2022,-0.518,-2.07,1.18,Medium,26,0.392,1,3.24,0.748,0.252,-23.7,-76.4,53.9,0.171,0.312,0.265,0.1625,0.0768,0.0127,,Alberta (Northern Rockies (BCR 10)) - British Columbia (Northern Rockies (BCR 10))
RTHA,Red-tailed Hawk,Buteo jamaicensis,Northern Rockies (BCR 10),Long-term,1970,2022,1.81,1.06,2.58,Low,73,0.226,1,1.52,0,1,155,57.9,255,0,0,0,0.001,0.108,0.891,,Alberta (Northern Rockies (BCR 10)) - British Columbia (Northern Rockies (BCR 10))
RWBL,Red-winged Blackbird,Agelaius phoeniceus,Northern Rockies (BCR 10),Long-term,1970,2022,0.104,-0.45,0.688,Medium,63,0.5,1,1.14,0.362,0.638,5.57,-22.1,41.1,0,0.013,0.349,0.5725,0.0655,0,,Alberta (Northern Rockies (BCR 10)) - British Columbia (Northern Rockies (BCR 10))
RBGU,Ring-billed Gull,Larus delawarensis,Northern Rockies (BCR 10),Long-term,1970,2022,1.52,-1.63,4.78,Low,10,0.163,1,6.41,0.185,0.815,119,-88.6,767,0.0402,0.0668,0.078,0.097,0.172,0.546,,Alberta (Northern Rockies (BCR 10)) - British Columbia (Northern Rockies (BCR 10))
RNDU,Ring-necked Duck,Aythya collaris,Northern Rockies (BCR 10),Long-term,1970,2022,2.08,0.379,3.84,Medium,39,0.442,1,3.46,0.00925,0.991,191,-1.08,537,0.00025,0.0015,0.0075,0.031,0.167,0.793,,Alberta (Northern Rockies (BCR 10)) - British Columbia (Northern Rockies (BCR 10))
RNEP,Ring-necked Pheasant,Phasianus colchicus,Northern Rockies (BCR 10),Long-term,1970,2022,-1.45,-4.05,1.59,Low,4,0.104,1,5.65,0.845,0.155,-53.3,-95.6,61.8,0.538,0.201,0.106,0.0712,0.0553,0.0285,,British Columbia (Northern Rockies (BCR 10))
ROPI,Rock Pigeon,Columba livia,Northern Rockies (BCR 10),Long-term,1970,2022,0.597,-0.809,2.16,Medium,16,0.338,1,2.97,0.218,0.782,36.3,-49.9,167,0.00267,0.06063,0.1547,0.254,0.361,0.167,,Alberta (Northern Rockies (BCR 10)) - British Columbia (Northern Rockies (BCR 10))
ROWR,Rock Wren,Salpinctes obsoletus,Northern Rockies (BCR 10),Long-term,1970,2022,-1.43,-3.84,0.709,Low,9,0.18,1,4.55,0.897,0.103,-52.8,-92.3,24.2,0.539,0.244,0.114,0.064,0.0315,0.0075,,Alberta (Northern Rockies (BCR 10)) - British Columbia (Northern Rockies (BCR 10))
RBGR,Rose-breasted Grosbeak,Pheucticus ludovicianus,Northern Rockies (BCR 10),Long-term,1970,2022,1.37,-1.63,4.73,Low,7,0.209,0.39,6.36,0.197,0.803,103,-89.8,679,0.0508,0.0652,0.081,0.107,0.189,0.507,,Alberta (Northern Rockies (BCR 10)) - British Columbia (Northern Rockies (BCR 10))
RCKI,Ruby-crowned Kinglet,Regulus calendula,Northern Rockies (BCR 10),Long-term,1970,2022,-0.281,-0.901,0.374,Medium,81,0.435,1,1.27,0.808,0.192,-13.6,-40.4,17.5,0.0015,0.1995,0.607,0.18775,0.00425,0,,Alberta (Northern Rockies (BCR 10)) - British Columbia (Northern Rockies (BCR 10))
RUDU,Ruddy Duck,Oxyura jamaicensis,Northern Rockies (BCR 10),Long-term,1970,2022,-0.193,-2.4,2.19,Low,11,0.223,1,4.59,0.572,0.428,-9.56,-86.4,152,0.163,0.213,0.196,0.178,0.1558,0.0942,,British Columbia (Northern Rockies (BCR 10))
RUGR,Ruffed Grouse,Bonasa umbellus,Northern Rockies (BCR 10),Long-term,1970,2022,-0.771,-1.81,0.179,Medium,65,0.423,1,1.99,0.935,0.0652,-33.1,-63.6,6.21,0.137,0.525,0.273,0.05945,0.00575,0,,Alberta (Northern Rockies (BCR 10)) - British Columbia (Northern Rockies (BCR 10))
RUHU,Rufous Hummingbird,Selasphorus rufus,Northern Rockies (BCR 10),Long-term,1970,2022,-1.06,-1.91,-0.218,High,67,0.513,1,1.7,0.991,0.009,-42.6,-65.8,-14.7,0.274,0.602,0.115,0.00875,0.00025,0,,Alberta (Northern Rockies (BCR 10)) - British Columbia (Northern Rockies (BCR 10))
RUBL,Rusty Blackbird,Euphagus carolinus,Northern Rockies (BCR 10),Long-term,1970,2022,-5.11,-7.31,-3.26,Medium,15,0.42,1,4.05,1,0,-93.4,-98.8,-84.3,1,0,0,0,0,0,,British Columbia (Northern Rockies (BCR 10))
SACR,Sandhill Crane,Grus canadensis,Northern Rockies (BCR 10),Long-term,1970,2022,7.38,5.26,9.41,Medium,29,0.331,1,4.15,0,1,3950,1130,9910,0,0,0,0,0,1,,British Columbia (Northern Rockies (BCR 10))
SAPS_UNI,Sapsuckers (Yellow-bellied/Red-naped/Red-breasted),Sphyrapicus sp.,Northern Rockies (BCR 10),Long-term,1970,2022,1.12,0.174,2.13,High,68,1,1,1.95,0.0138,0.986,78.1,1,187,0,0.0005,0.0133,0.114,0.55,0.322,,Alberta (Northern Rockies (BCR 10)) - British Columbia (Northern Rockies (BCR 10))
SAVS,Savannah Sparrow,Passerculus sandwichensis,Northern Rockies (BCR 10),Long-term,1970,2022,-1.07,-1.79,-0.374,Medium,66,0.482,1,1.42,0.999,0.001,-43,-62.3,-20.3,0.235,0.691,0.073,0.001,0,0,,Alberta (Northern Rockies (BCR 10)) - British Columbia (Northern Rockies (BCR 10))
SAPH,Say's Phoebe,Sayornis saya,Northern Rockies (BCR 10),Long-term,1970,2022,0.89,-1.02,2.6,Low,15,0.239,1,3.63,0.163,0.837,58.5,-56.7,254,0.00875,0.04605,0.1082,0.191,0.328,0.318,,British Columbia (Northern Rockies (BCR 10))
SSHA,Sharp-shinned Hawk,Accipiter striatus,Northern Rockies (BCR 10),Long-term,1970,2022,0.759,-0.34,1.89,Medium,28,0.276,0.946,2.23,0.0808,0.919,48.1,-22.6,151,0,0.00974999999999999,0.07105,0.273,0.491,0.155,,Alberta (Northern Rockies (BCR 10)) - British Columbia (Northern Rockies (BCR 10))
STGR,Sharp-tailed Grouse,Tympanuchus phasianellus,Northern Rockies (BCR 10),Long-term,1970,2022,1.1,-4.13,5.99,Low,5,0.071,0.736,10.1,0.331,0.669,76.6,-98.9,1580,0.167,0.081,0.083,0.0790000000000001,0.134,0.456,,British Columbia (Northern Rockies (BCR 10))
SOSA,Solitary Sandpiper,Tringa solitaria,Northern Rockies (BCR 10),Long-term,1970,2022,1.03,-0.733,2.87,Medium,24,0.376,0.962,3.6,0.114,0.886,70.6,-47.1,294,0.003,0.0305,0.0805,0.178,0.341,0.367,,Alberta (Northern Rockies (BCR 10)) - British Columbia (Northern Rockies (BCR 10))
SOVI,Solitary Vireo (Blue-headed/Cassin's),Vireo sp.,Northern Rockies (BCR 10),Long-term,1970,2022,0.954,0.235,1.7,High,77,1,1,1.46,0.0055,0.994,63.8,9.37,134,0,0,0.0055,0.13,0.713,0.151,,Alberta (Northern Rockies (BCR 10)) - British Columbia (Northern Rockies (BCR 10))
SOSP,Song Sparrow,Melospiza melodia,Northern Rockies (BCR 10),Long-term,1970,2022,-0.318,-0.809,0.178,Medium,78,0.453,1,0.988,0.896,0.104,-15.3,-35.1,9.04,0,0.181,0.715,0.1035,0.0005,0,,Alberta (Northern Rockies (BCR 10)) - British Columbia (Northern Rockies (BCR 10))
SORA,Sora,Porzana carolina,Northern Rockies (BCR 10),Long-term,1970,2022,0.591,-0.45,1.58,Medium,47,0.454,1,2.02,0.12,0.88,35.9,-30.6,112,0.00025,0.01395,0.1058,0.352,0.458,0.07,,Alberta (Northern Rockies (BCR 10)) - British Columbia (Northern Rockies (BCR 10))
SPSA,Spotted Sandpiper,Actitis macularius,Northern Rockies (BCR 10),Long-term,1970,2022,-1.12,-1.84,-0.47,High,65,0.656,1,1.37,0.998,0.0015,-44.4,-62.5,-22.4,0.28,0.669,0.0490000000000001,0.0015,0,0,,Alberta (Northern Rockies (BCR 10)) - British Columbia (Northern Rockies (BCR 10))
SPTO,Spotted Towhee,Pipilo maculatus,Northern Rockies (BCR 10),Long-term,1970,2022,2.66,1.52,3.84,High,22,0.599,1,2.32,0,1,292,94.4,561,0,0,0,0,0.012,0.988,,British Columbia (Northern Rockies (BCR 10))
STJA,Steller's Jay,Cyanocitta stelleri,Northern Rockies (BCR 10),Long-term,1970,2022,0.292,-0.675,1.27,Medium,30,0.3,1,1.94,0.277,0.723,16.4,-35.2,83.4,0.00025,0.04655,0.2302,0.414,0.2882,0.0208,,British Columbia (Northern Rockies (BCR 10))
SWHA,Swainson's Hawk,Buteo swainsoni,Northern Rockies (BCR 10),Long-term,1970,2022,-0.388,-3.46,2.88,Low,4,0.714,0.623,6.34,0.59,0.41,-18.3,-93.4,238,0.275,0.187,0.128,0.122,0.142,0.146,,Alberta (Northern Rockies (BCR 10))
SWTH,Swainson's Thrush,Catharus ustulatus,Northern Rockies (BCR 10),Long-term,1970,2022,-0.195,-0.579,0.213,Low,84,0.143,1,0.792,0.831,0.169,-9.67,-27.6,9.8,0,0.042,0.789,0.16875,0.00025,0,,Alberta (Northern Rockies (BCR 10)) - British Columbia (Northern Rockies (BCR 10))
SWSP,Swamp Sparrow,Melospiza georgiana,Northern Rockies (BCR 10),Long-term,1970,2022,0.309,-2.91,3.78,Low,8,0.052,1,6.7,0.429,0.571,17.4,-91.6,428,0.162,0.141,0.126,0.127,0.163,0.281,,British Columbia (Northern Rockies (BCR 10))
TEWA,Tennessee Warbler,Oreothlypis peregrina,Northern Rockies (BCR 10),Long-term,1970,2022,-0.607,-2.2,0.968,Medium,50,0.485,1,3.16,0.77,0.23,-27.2,-71.7,54.3,0.188,0.337,0.245,0.1512,0.0703,0.0085,,Alberta (Northern Rockies (BCR 10)) - British Columbia (Northern Rockies (BCR 10))
TOSO,Townsend's Solitaire,Myadestes townsendi,Northern Rockies (BCR 10),Long-term,1970,2022,-0.589,-1.52,0.379,Medium,53,0.411,1,1.9,0.883,0.117,-26.4,-60.1,13.9,0.0652,0.4658,0.352,0.107,0.01,0,,Alberta (Northern Rockies (BCR 10)) - British Columbia (Northern Rockies (BCR 10))
TOWA,Townsend's Warbler,Setophaga townsendi,Northern Rockies (BCR 10),Long-term,1970,2022,-0.999,-2.06,0.123,Medium,63,0.458,1,2.18,0.961,0.0392,-40.7,-69,-1.21,0.283,0.508,0.17,0.0342,0.005,0,,Alberta (Northern Rockies (BCR 10)) - British Columbia (Northern Rockies (BCR 10))
TRFL,Traill's Flycatcher (Alder/Willow),Empidonax sp.,Northern Rockies (BCR 10),Long-term,1970,2022,0.195,-0.386,0.704,High,79,1,1,1.09,0.241,0.759,10.7,-18.4,43.7,0,0.005,0.236,0.6632,0.0958,0,,Alberta (Northern Rockies (BCR 10)) - British Columbia (Northern Rockies (BCR 10))
TRES,Tree Swallow,Tachycineta bicolor,Northern Rockies (BCR 10),Long-term,1970,2022,-0.532,-1.24,0.267,Medium,74,0.466,1,1.51,0.908,0.092,-24.2,-51.9,8.24,0.0177,0.4633,0.427,0.0875,0.0045,0,,Alberta (Northern Rockies (BCR 10)) - British Columbia (Northern Rockies (BCR 10))
TRUS,Trumpeter Swan,Cygnus buccinator,Northern Rockies (BCR 10),Long-term,1970,2022,6.66,1.91,12.5,Low,4,,0.132,10.6,0.0035,0.996,2760,-66.1,28100,0.00125,0.001,0.00125,0.004,0.00800000000000001,0.984,,British Columbia (Northern Rockies (BCR 10))
TUVU,Turkey Vulture,Cathartes aura,Northern Rockies (BCR 10),Long-term,1970,2022,6.31,3.94,8.67,Medium,11,0.556,0.774,4.74,0,1,2310,406,6640,0,0,0,0,0,1,,British Columbia (Northern Rockies (BCR 10))
VATH,Varied Thrush,Ixoreus naevius,Northern Rockies (BCR 10),Long-term,1970,2022,-0.0347,-0.818,0.737,Medium,69,0.433,1,1.56,0.535,0.465,-1.79,-37.2,42.7,0.00075,0.09705,0.4372,0.394,0.07,0.001,,Alberta (Northern Rockies (BCR 10)) - British Columbia (Northern Rockies (BCR 10))
VASW,Vaux's Swift,Chaetura vauxi,Northern Rockies (BCR 10),Long-term,1970,2022,-1.46,-3.27,0.239,Medium,18,0.292,1,3.51,0.95,0.0498,-53.6,-86.9,1.55,0.564,0.279,0.107,0.0373,0.0105,0.002,,British Columbia (Northern Rockies (BCR 10))
VEER,Veery,Catharus fuscescens,Northern Rockies (BCR 10),Long-term,1970,2022,-1.29,-2.05,-0.518,Medium,42,0.476,1,1.53,0.999,0.00075,-49,-68.3,-27.4,0.463,0.507,0.029,0.00075,0,0,,Alberta (Northern Rockies (BCR 10)) - British Columbia (Northern Rockies (BCR 10))
VESP,Vesper Sparrow,Pooecetes gramineus,Northern Rockies (BCR 10),Long-term,1970,2022,-0.269,-1.32,0.81,Medium,45,0.387,1,2.13,0.691,0.309,-13.1,-53.9,45,0.0272,0.2798,0.384,0.2375,0.06975,0.00175,,Alberta (Northern Rockies (BCR 10)) - British Columbia (Northern Rockies (BCR 10))
VGSW,Violet-green Swallow,Tachycineta thalassina,Northern Rockies (BCR 10),Long-term,1970,2022,0.287,-0.573,1.23,Medium,55,0.459,1,1.8,0.264,0.736,16,-32.3,76.5,0.00025,0.03325,0.2305,0.456,0.267,0.013,,Alberta (Northern Rockies (BCR 10)) - British Columbia (Northern Rockies (BCR 10))
VIRA,Virginia Rail,Rallus limicola,Northern Rockies (BCR 10),Long-term,1970,2022,2.4,0.244,4.75,Low,8,,0.604,4.51,0.0122,0.988,244,-18,891,0,0.002,0.0102,0.033,0.127,0.828,,British Columbia (Northern Rockies (BCR 10))
WAVI,Warbling Vireo,Vireo gilvus,Northern Rockies (BCR 10),Long-term,1970,2022,1.55,1.05,2.09,High,81,0.514,1,1.04,0,1,123,64,183,0,0,0,0,0.202,0.798,,Alberta (Northern Rockies (BCR 10)) - British Columbia (Northern Rockies (BCR 10))
WEBL,Western Bluebird,Sialia mexicana,Northern Rockies (BCR 10),Long-term,1970,2022,3.58,1.29,6.02,Low,10,0.396,0.585,4.72,0.00025,1,522,49.9,1690,0,0,0.00025,0.002,0.021,0.977,,Alberta (Northern Rockies (BCR 10)) - British Columbia (Northern Rockies (BCR 10))
WEFL,Western Flycatcher (Cordilleran/Pacific-slope),Empidonax sp.,Northern Rockies (BCR 10),Long-term,1970,2022,0.968,-0.161,2.09,High,47,1,1,2.25,0.0462,0.954,65,-16.8,179,0,0.0035,0.0427,0.18,0.52,0.254,,Alberta (Northern Rockies (BCR 10)) - British Columbia (Northern Rockies (BCR 10))
WECL_UNI,Western Grebe (Clark's/Western),Aechmophorus sp.,Northern Rockies (BCR 10),Long-term,1970,2022,-3.15,-6.63,0.462,Low,4,1,1,7.09,0.956,0.0442,-81.1,-99.3,-7.6,0.844,0.0800000000000001,0.0319999999999999,0.0234,0.01505,0.00575,,British Columbia (Northern Rockies (BCR 10))
WEKI,Western Kingbird,Tyrannus verticalis,Northern Rockies (BCR 10),Long-term,1970,2022,0.000636,-1.45,1.65,Medium,17,0.407,1,3.1,0.499,0.501,0.0331,-64.9,106,0.0442,0.1918,0.263,0.255,0.1948,0.0512,,British Columbia (Northern Rockies (BCR 10))
WEME,Western Meadowlark,Sturnella neglecta,Northern Rockies (BCR 10),Long-term,1970,2022,-0.348,-1.25,0.498,Medium,36,0.49,1,1.75,0.782,0.218,-16.6,-52,24.4,0.016,0.297,0.469,0.1988,0.0192,0,,Alberta (Northern Rockies (BCR 10)) - British Columbia (Northern Rockies (BCR 10))
WETA,Western Tanager,Piranga ludoviciana,Northern Rockies (BCR 10),Long-term,1970,2022,1.05,0.455,1.64,Medium,77,0.453,1,1.19,0.0005,1,72.1,25.6,131,0,0,0.0005,0.052,0.781,0.167,,Alberta (Northern Rockies (BCR 10)) - British Columbia (Northern Rockies (BCR 10))
WEWP,Western Wood-Pewee,Contopus sordidulus,Northern Rockies (BCR 10),Long-term,1970,2022,-1.11,-1.66,-0.546,Medium,77,0.464,1,1.12,1,0,-44.1,-58.6,-25.5,0.225,0.747,0.028,0,0,0,,Alberta (Northern Rockies (BCR 10)) - British Columbia (Northern Rockies (BCR 10))
WBNU,White-breasted Nuthatch,Sitta carolinensis,Northern Rockies (BCR 10),Long-term,1970,2022,0.403,-1.46,2.43,Low,9,0.099,1,3.89,0.337,0.663,23.3,-65.2,205,0.039,0.124,0.174,0.216,0.268,0.179,,British Columbia (Northern Rockies (BCR 10))
WCSP,White-crowned Sparrow,Zonotrichia leucophrys,Northern Rockies (BCR 10),Long-term,1970,2022,-0.643,-1.46,0.267,Medium,59,0.455,1,1.73,0.922,0.0775,-28.5,-57.9,8.13,0.0588,0.5212,0.342,0.07175,0.00575000000000001,0,,Alberta (Northern Rockies (BCR 10)) - British Columbia (Northern Rockies (BCR 10))
WTSP,White-throated Sparrow,Zonotrichia albicollis,Northern Rockies (BCR 10),Long-term,1970,2022,4.42,3.48,5.33,Medium,44,0.488,1,1.85,0,1,848,471,1350,0,0,0,0,0,1,,Alberta (Northern Rockies (BCR 10)) - British Columbia (Northern Rockies (BCR 10))
WWCR,White-winged Crossbill,Loxia leucoptera,Northern Rockies (BCR 10),Long-term,1970,2022,1.47,-1.31,4.27,Medium,40,0.276,1,5.58,0.148,0.852,114,-74.7,605,0.025,0.0555,0.0675,0.108,0.207,0.537,,Alberta (Northern Rockies (BCR 10)) - British Columbia (Northern Rockies (BCR 10))
WWSC,White-winged Scoter,Melanitta fusca,Northern Rockies (BCR 10),Long-term,1970,2022,-4.93,-9.78,1.43,Low,3,,1,11.2,0.941,0.0588,-92.8,-100,28.3,0.902,0.024,0.0149999999999999,0.0103,0.0133,0.0352,,British Columbia (Northern Rockies (BCR 10))
WITU,Wild Turkey,Meleagris gallopavo,Northern Rockies (BCR 10),Long-term,1970,2022,11.3,4.96,16.9,Low,8,0.776,0.528,12,0,1,25700,101,282000,0,0,0,0,0,1,,British Columbia (Northern Rockies (BCR 10))
WIFL,Willow Flycatcher,Empidonax traillii,Northern Rockies (BCR 10),Long-term,1978,2022,-0.618,-1.33,0.0838,Medium,61,0.453,1,1.42,0.954,0.0458,-23.9,-46.5,1.22,0.0025,0.4635,0.488,0.0453,0.0005,0,,Alberta (Northern Rockies (BCR 10)) - British Columbia (Northern Rockies (BCR 10))
WIPH,Wilson's Phalarope,Phalaropus tricolor,Northern Rockies (BCR 10),Long-term,1970,2022,-3.31,-6.76,-0.0151,Medium,4,,1,6.75,0.975,0.0253,-82.7,-98.8,-24.3,0.885,0.0649999999999999,0.025,0.0135,0.0103,0.0015,,British Columbia (Northern Rockies (BCR 10))
WISN,Wilson's Snipe,Gallinago delicata,Northern Rockies (BCR 10),Long-term,1970,2022,0.992,0.318,1.62,High,71,0.681,1,1.3,0.00125,0.999,67.1,17.9,130,0,0,0.00125,0.087,0.757,0.155,,Alberta (Northern Rockies (BCR 10)) - British Columbia (Northern Rockies (BCR 10))
WIWA,Wilson's Warbler,Cardellina pusilla,Northern Rockies (BCR 10),Long-term,1970,2022,-3.1,-3.89,-2.26,Medium,74,0.429,1,1.62,1,0,-80.5,-87.9,-70.7,1,0,0,0,0,0,,Alberta (Northern Rockies (BCR 10)) - British Columbia (Northern Rockies (BCR 10))
WODU,Wood Duck,Aix sponsa,Northern Rockies (BCR 10),Long-term,1970,2022,1.61,-0.56,3.64,Medium,8,0.386,1,4.2,0.0707,0.929,129,-50.5,474,0.00475,0.01805,0.0479,0.1,0.23,0.599,,British Columbia (Northern Rockies (BCR 10))
YEWA,Yellow Warbler,Setophaga petechia,Northern Rockies (BCR 10),Long-term,1970,2022,-0.956,-1.48,-0.395,Medium,81,0.499,1,1.09,1,0,-39.3,-55.5,-20.9,0.0912,0.8368,0.072,0,0,0,,Alberta (Northern Rockies (BCR 10)) - British Columbia (Northern Rockies (BCR 10))
YBFL,Yellow-bellied Flycatcher,Empidonax flaviventris,Northern Rockies (BCR 10),Long-term,1970,2022,8.31,2.89,14.3,Low,11,0.092,0.585,11.4,0,1,6240,30.7,74400,0,0,0,0,0.002,0.998,,British Columbia (Northern Rockies (BCR 10))
YBSA,Yellow-bellied Sapsucker,Sphyrapicus varius,Northern Rockies (BCR 10),Long-term,1970,2022,-3.64,-6.06,-1.41,Low,12,0.152,0.932,4.65,0.998,0.00175,-85.5,-98.1,-58.7,0.972,0.022,0.004,0.0015,0.00025,0,,Alberta (Northern Rockies (BCR 10)) - British Columbia (Northern Rockies (BCR 10))
YHBL,Yellow-headed Blackbird,Xanthocephalus xanthocephalus,Northern Rockies (BCR 10),Long-term,1970,2022,-0.0016,-1.44,1.66,Medium,28,0.321,1,3.1,0.501,0.499,-0.0831,-66.4,98.5,0.044,0.2,0.257,0.254,0.1992,0.0458,,Alberta (Northern Rockies (BCR 10)) - British Columbia (Northern Rockies (BCR 10))
YRWA,Yellow-rumped Warbler,Setophaga coronata,Northern Rockies (BCR 10),Long-term,1970,2022,-0.14,-0.634,0.335,Low,83,0.181,1,0.969,0.707,0.293,-7.01,-28.5,18.7,0,0.0500000000000001,0.657,0.28975,0.00324999999999998,0,,Alberta (Northern Rockies (BCR 10)) - British Columbia (Northern Rockies (BCR 10))
